sequence,structure,label
acacccccgugcccauagcacuguggaaccaccccaccccaugccgaacugggucgugaaacacagcagcgccaaugauacucggaccgcagggucccggaaaagucggucagcgcggggguu,ihaaaabbaaaaeeeeebbcacccchahecdbbaahhhaaeehhhaeahebcdebaccaahccaacchcabbaefeahaebbaaccaaahgfaaaaaaaaeeeaaafabbbaaaaaaaaaaah,xxxxxxxabnnxanxxxxxxxxxxxxxxanaaaxnaxxaaxxabsnnxaannnxxanaaxxxxxxxxxxxxxxxaxanaxaxxanaxxxxxsnnxxnxxxxxxxannnnxxxxxsnasaxxxx
ggcccggggcgguucgauuccgcccugggccacc,aaaaaaaaaaaaahggehhaaaaaaaaaaaahhh,nnaxxxxxxxxxxannxxxxannaxxxxxxbnbs
cccaugcgagaguagggac,aaaaaaaeeeaaaeaahhh,xnnnnxxsxxxxnaxxxxx
ugccgaugguagugugggg,hhaaeeaaaaeaaaaaaah,xxxxxaasbnnssxxxxxx
aaccguaggggaaccugcgguu,accacccaaeeeeaccaaacce,xxxxxxxxaxxxxxxxxxxxxx
aaccguaggggaaccugcgguu,aaaaccaaaffeeaaaaaaaaa,xxanxxxxxxxxxaaanxxxxx
cucguauggcgcagugguagcgcagcagauugcaaaucuguugguccuuaguucgauccugagugcgag,accaaabhaaaabaaahhbbaaaaaaaaaahheehaaaaaaahaedaaaaaaeheechaaaaccaaaaa,xxxxxxxaxxxxxxxxxnanxxxnnnnnnabnanbbsannnnaaxxxxxxxxxxxxxxxxxxxxxxxxx
cucguauggcgcagugguagcgcagcagauugcaaaucuguugguccuuaguucgauccugagugcgag,haacccbeaaaaebbaahbbbaaaaaaaabehhhhaaaaaaahaebcabbaccaheahaaaaaaaaaah,xxxxxxxaxxxxxxxxxnxxxxxnnnnnnsbbnnbbsannnnaaxxxxxxxxxxxxxxxxxxxxxxxxx
ggagugaaggaggcucgcgaacucgcgaagccgagaaacuucacuccc,aaaaaaaaabebaaaaaahhhhhhaaaeaaaaebehieaaaaaaaaah,xxxxxsaabnaannnxxxxxxxxxxxxxxxxxxxxxxaannnnaxxxx
guuguuuuuuuu,hhheehhheehh,xxbbssssbssn
gcaggggucgccaagccuggccaaaggcgcugggccuaggacccagucccguagggguuccaggguucaaaucccugccccugcacca,eeheaaabeaccbbbhiiaabiibaaaaaaaaaaahheeeabaaaaaaaaiiiiiiiiiahhaaaaeaeeheaaahgcaaebheiiii,xxxxxxxxxxnnaaxxxxxbnxxxannnaaxxxxaaasabbnnnxxxxxxxxxxxxxxxxxxxxxxxsaxxxxxxxxxxxxxxxxxxx
uucgacgc,haaaaahh,bbaaanxx
gucgaauu,aaaaahhh,xxxnannb
ugcccggg,iaaaaaaa,xxaaanbs
ugcccgggc,hhaaaaaaa,sbnananan
gccgauauagcucaguugguagagcagcgcauucguaaugcgaaggucguagguucgacuccuauuaucggcacca,aaaaaccbebbccbaiiaaibbbaaaaaaaahhheeieaaaaaaaiebaccaaiiahehebaaaaaaaaaaahhhh,snsaxxxxxxxxxxxxxxxxxxxxxxxxxxxssssbxaaxxxxxxxxxxxxxxxxxxxxxxxxxxaaannbnasab
gggcccgguaagucucuucggagauacugccgggccc,aaaaaaaaaebabaaafhgaaaaaebaaaaaaaaaaa,xxaannxxaaaannnnxxxxxxxnnbnxxaaxxxxaa
gcugguccga,aaiaaaahhh,xxxbbbasbs
uugacuagcc,iiaaaiaaah,xxaaaxaxxx
gcugguccga,iiiiihhhhh,xxxxxabbbn
uuuuuuuuuuuuuuu,hhhhhhiiiiiiiii,annbnnxxxxxxxxx
agaacucaauag,eehhhhhheiee,sbsbasnbsssa
aucguagccaaugagguuuauccgaggcgcgau,ccacchaaaeaheeaahihehaaebbaaaaaaa,xxxxxxxxxsnbbxanxnxnasnbxxxxxxxxx
ggcggugggggagcaucuccuguaggggagauguaacccccuuuaccugccgaaccccgccaggcccggaagggagcaacgguaggcaggacgucg,caccbaaaaachaacgaaaaaahheaaaaagcccebbcaaaaeeefcaacceehhhbaacdeeacaaehhebbacebeaaabbeaaaccgcbacch,xxxxxxxxxxxxxxxnnnanaabnnnxxxxxxxxxxxaaaxxxxaaaxxxxxxsaxxxxxanbnnanaxxxnaaaxbnnnaxxxxxxxxxnnxxxx
cgcgggguggagcagccugguagcucgucgggcucauaacccgaagaucgucgguucaaauccggcccccgcaacca,haaacacihbaaaeahhihaiebaaaaaaaaaiehehhhaaaaacfheaaaaaaiiahehebaaaaacccacghhhh,xsxxsaxxxnabnaxxxxxxxxxxbnxaxxxxxxxxxxxxxxxxxxxxxxxxxxxxxxxxxxxxxxxxanbnbaaab
cgcgggguggagcagccugguagcucgucgggcucauaacccgaagaucgucgguucaaauccggcccccgcaacca,eaaaaabihbaaceaeiiaeiebaaaaccaaaieheehaaaaaaaeheaaacaaiihheeebaacaaaccacghggh,aaxxsaxxxxabnnxxxxxxxxxxbnxxxxxxxxxxxxxxxxxxxxxxxxxxxxxxxxxxxxxxxxxxaabnbaaab
gcugggauguuggcuuagaagcagccaucauuuaaagagugcguaacagcucaccagc,aaaabebacchaaabehffhaaaaaaaebaacfeebaeebbbeeheeebaaaebbaaa,xxxxxxxasbnbbnnxxxxxxxxxaannnasnaxxxxsxxxxxxsxxxxxxxxxxxxx
gggcuuguagcucaggugguuagagcgcaccccugauaagggugaggucggugguucaaguccacucaggcccac,aaccaaabfaaaabaggabibibbaaaaaaaaaeeiahaaaaaaagahaaaaaaaeaheheaaaaaaaaaaaahh,xxnaaxxxxasnnxxxxxxxxxxnasaxxxxaansbnaannnaaxxxxxxxxxxxxxxxxxxxxxxxxanbnnaa
uuuuuuuuuu,hgghhhiiii,annnnnxxxx
gccgggguggcggaauggguagacgcgcaugacucaggaucaugugcgcaagcgugcggguucaagucccgcccccggcacca,aaccaaabaacdbbaehabbieeaaaaaaaacciiiiiaaaaaaaaadciibbaiiiiaaaeahegeaaaabbbaaacchhhh,xxxaxxxxxxxanaxxxxsaxxaannnxaaxxxxxxxxxnaxnxxxxxxxxxxxxxxxxxxxbaxxxxxxxxxxxxnaaannn
ccuguaaaua,eihhhhhhhh,basbbnsbbb
ggcggcguagcucagcuggucagagcggggaucucauaagucccaggucggagguucgaguccucccgccgccac,aaaecaabeaaaaeahhaahaibbbahaacaahagghhaaaccaahaebaccaaaeahehhaaacaaaccaaahh,xxxaxxxxxxxxxxxxxxxxxxxxxaxxxxxxaasbsxnbanxxxxxxxxxxxxxxxxxxxxxxxxxxxxaxaxx
agacagcauauaugcugucuuu,haaccaacccchaaaaaahcgh,xxxxxxxxxxxxxxxxxxxass
agacagcauauaugcugucuuu,ahacccccgccccccacccchh,axxxxxxxxxxxxxxxxxxxxx
gcccggauagcucagucgguagagcaggggauugaaaauccccguguccuugguucgauuccgaguccgggcacca,aaaaaabbfaaaabaahaaebdbbahaaaaabeeebhaccaaabibebaaaaaaeaheahaaaaaaaaaaaahhii,xxxxxxxxxxxxxxxxxxxxxxxxxnnbbnaabbbbbbsaaxxxxxxxxxxxxxxxxxxxxxxxxxxxannnaxxx
cgcuccucaguacgauaggaaccggagcg,iiiiiicfebbeahhhhaeeeeaiiiiii,xxxxxxnxbbnaxxanaxaxxxxxxxxxx
gcggauuuagcucaguugggagagcgccagacugaagaucuggagguccuguguucgauccacagaauucgcacca,aaaaaaabficaceaiiaaaaddaaiccaccibieeiaiicaaahieaiaaaaiiaeicfaaaaaaaacccahhhh,nnxxxxxxxxxaaxxxxxxxxxxxaxxxxxxxxxxxxaxxxxxxxxxxxannnxxxxxxxxxannnnxxxxxannn
ggccagguagcucaguugguagagcacuggacugaaaauccaggugucggcgguucgauuccgccccuggccacc,ccacccciiiiiiiiiiiiiiiiiiiiiiiiiiiiiiiiiiiiiiiiigccahcgggghhaacchacccccciii,asaaxxxxxxxxxxxxxxxxxxxxxxxxxxxxxxxxxxxxxxxxxxxxxxxxxxaxxxxxaaxxxxxxxxxaxxx
ggcucuguuuaccaggucagguccgaaaggaagcagccaaggcagagcc,aaaaaaaaaahhhhaacdeeaaaaehheaaaaebeaaahaaaccaaaai,xxxxxxxxxnbaxxxxxxsbanxxxxxxxxxxxbaxxxxxxxxxxxxxx
ggcacagaagauauggcuucgugcc,aaaaahaaaaheeeheaaaaaaaaa,xxxxabxxxxnbbbbbxxxxxxxxx
ggccccaucgucuagcgguuaggacgcggcccucucaaggccgaaacggggguucgauucccccuggggucacca,aaaaaabbeaaaabbhaaaibbbaaaaaaaaahhhhhaaaaaaahbaaaaaacfaeehhaaaaaaaaaaabeeeh,xxaanaxxxxannanxxxxxxxaaaxxxxxxxxbbsaanxxxxxxxxxxxxxxxxxxxxxxxxxxxxannxasnn
ccggcucuuuucagagccgg,iiaccaaahhhhaaaaaaii,xxaxxxxxasaannnnnaxx
ccggcucuuuucagagccgg,iiacaccahhhhaacaacii,xxsxxxxxasaannnnnnxx
guucuugcuucaacaguguuugaacggaac,aaaaahbeaaaacdeeeaebaaaaaaaaaa,xxxxxsabnaxxxxsnbnsnaxxxnsannx
ggguccgccuugagugcccgggugagaagcaugaucccggguaauuauggcggacccacagaauu,aaaaaaaaahaeihhaaaaaaaaebhhhieaheeccaaaaaaheihhhaaaaaacdaeihhiiii,xxssnaxxxxxxxxxxxanannnbnxxxxaabbxxxxxxxsnaxsxxxxxxxxxsnnssbnxxxx
gagccgagccgagccgagccgagccgagccgagccgagccgagccgagccgagccg,hheiihheiihheiihheiihheiihheiihheiihheiihheiihheiihheiii,sssnxssbnxsssnxsssnxssbnxssbnxssbnxsssnxsssnxssbnxssbnxx
cggggaguagcgcagcccgguagcgcaccucguucgggacgaggggggcgcugguucagauccagucuccccgacca,iiiaaaabebbaaeahiiabeabbaaaaaccaahheieaaaaaaaaahaaccaaiiaheheaaaaaaaaaiiiiiii,xxxxxxxxxnxxxxxxxxxxxxxxxxxannxxxasssanxxxasnxxxxxxxxxxxxxxxxxxxxxxxxxxxxxxxx
augcucaugcaaaacugcaugaaugccccu,hchcaaacchiiihhhhaaaaaacacaaca,xannannxxxxxxxxxxxxxxanabaxxxx
aagggaugc,haacaaebe,xxxxanxsx
agaaggagggagggagga,aaaaaaaaaaaaaaaaaa,axaaaxaxxxxxxxxnnn
uccucccucccuccuucu,aaaaaaaaaaaaaaaaaa,nxaaaxaxxxxxxxxnnn
cguacgcgucacgcguacguu,aaaaaaaaaaccaaaaaaahh,nnxxxxxnnnnannxxxxann
cguacgcgucacgcguacguu,aaaaaaaaaaaaaaaaaaahh,nnxxxxxaannnnnxxxxaan
ggcgguugcaggucugcaccgcc,aaaaaeaaaaahhaaaaaaaacc,xxxxxsnnannbsxxxxxxxxxx
uuguaauauua,hhhhheehhhi,xssssanssbx
gggaugcguaggauaggugggagccgcaaggcgccggugaaauaccacccuuccc,aaaaccheabehaebaaccabebaaehheaabehhhbbeebbbeaaaaaaaaacc,xxxxxxxxxxxxxxxassbbbnannxxxxxxxxxxannsnnnaxxbansxxxxxx
uauacaacucacuaccucgu,iiiiiiihhhaccaccaahi,xxxxxxxnnaaxaxxxxnxx
uuaggcggccacagcggugggguugccucccguacccaucccgaacacggaagauaagcccaccagcguuccggggaguacuggagugcgcgagccucugggaaacccgguucgccgccacc,hheaaaaaaeeeaadaaaaabbhhhabbbbaabhaaaeehhebaaabbaaebaddbbaaaaaaaebdebaaaaaaeebbebdaaaabaaehheaaaaaaaceeeeaaaaacdaaaaaaahhh,xxxnbnbbasbnasaxnaxxxxxxxannnnxxxnsaaxxassxnnnnnnnnnaaanaanxxxxxxxxanxxxxxxxxxxxxxxsnnnnxxxaaxxxaanxxxxxxxxxxxxxxsaxsnnaxx
ggcguugccggucuggcaacgcc,aaaaaaaaabhhaiabccbaaaa,xxxxxxnnnnbsxxxxxxxxxxx
ggcguugccggucuggcaacgcc,aaaaaaaaaahhaiaaaaeaaaa,xxxxxxnnnnbsxxxxxxxxxxx
ggcguugccggucuggcaacgcc,aabaaccaahhhiiaaaaeaaaa,xxxxxxnnnbnaxxxxxxxxxxx
aauccauugcacuccggauuu,haaaahhhhhhhhihaaaahh,anxxxsssssbsxxxbxxxxx
gggcggcuagcucagcggaagagcgcucgccucacacgcgagaggucguagguucaaguccuacgccgcccacca,haccaccbebacceaeaahabbaaaaaaaahbehhhhabaaaaeahaaaaaaaeaheggaaaaaaaccaahhhhh,xxxaaaxxxxsnnnxxxabnxaaaxxxxaaxaxbbxaanaaanaxxxxxxxxxxaxxxxxxxxxxxxxxxxxaab
ggcaccugaccccaugccgaacucagaagugccc,aaaaaaaaaaaaaffhhebeaaddbahebaaaah,aananaxaxxaaxxxsbbnnxxxaaxxxxanasa
ggcaccugaccccaugccgaacucagaagugccc,aaaaaaaaaeaaaffhhbbeaabbaahebaaaah,xsaanaxnxxxxxxxsbsnnxxxxnxxxxabanx
ggacucaguaauaugcuuuggaaacgaagcuuacaaaauggagucc,aaaaaahhebeeehaaaaaaehhebbaaaahhhhheihhhaaaaaa,nxanaaxxnaaxsssxxxxxxxxxxxxxxannbbbnxbxsbaxxxx
gggagugaaggaggcuucggccgcgaaacuucacuccc,aaaaaaaaaabebcafegbcacehhhieaaaaaaaaaa,xxnnaxssabnaannaaxsaaaaxsaaxxnnnnaxxxx
gguaaacauccucgacuggaagcu,aaaaaaaaaaaiicccaaaaccfa,naxaxxaaaxxxxxxaaxxxxxxx
ggcuuucagucggauguuugccgc,aacccaaaccaaaaaaaaaaaahh,xxxxxaaaxnaaxxxannaxaanb
uaaucuuugacagauu,eabbaaahhahaaaaa,axxnnnnnbaxxxxxx
aaaaaaaaaaa,hheieeeihii,xsabsbbbnxx
ucagccacuuuuuaaaagaaaag,hacaaaaaaaaccahhccgcaaa,aaaanannnaxxxxxxnaasnxx
ggaccgguagccuagccgggacagggcggcggccuccuaagccgcagguccgggguucaaauccccgccgguccgcca,aaaaaaabhbaaabahiaaihibaaaaaaaaaahhhhhhhaaaaaabhhaaaaaaaeaeeheaaaaaaaaaaaahhii,xxxaaanaxxxxannxaxbxsxxxsnaxxxxxaxxxsbnbanaxxxxxxxxxxxxxxnxxxxxxxxxxxxnnaaxbxx
ccugguauugcaguaccuccaggu,aaaaaaggheihhhhggaaaaaah,anaxsssssssbssxnnbxxxxxx
gcgaccgaccauagcugca,gcaaaabacceiaaaccai,xaxxxxxnnxnxnnxxxxx
ugcagcggucaa,hhaaaabaaaei,axxxxxxananx
aggucgc,ebacccg,nnxxxxx
uuccucguggcccaauggucacggcgucuggcuicgaaccagaagauuccagguucaaguccuggcggggaagcca,iaaaccabiibaabaiaaihbaaaaiiaaaahhihhhhaaaaahbaiaiaaaaiiahihhaaaaaaaaaaaaheih,xxaaaxxxxxxxannxxaxxxannaxxxxxxxxxsbabnnnxxxxxxxxxxxxxxaxxxxxxxxxxxaannaasan
gcucugaccgaaaggcgugaugagc,aaiciebaaehheaaeeheeiafaa,xxxnxanaxxxxxxaasbsxxxxxx
ggagcgguaguucagucgguuagaauaccugccugucacgcagggggucgcggguucgagucccguccguuccgcca,aaaaaaaiebaaaeaiiabiiabbaaaaaaaaaeihhhaaaaaaabihaaaaaaiiahehhaaaaiaaaaaaahhhh,xxxxxxxxxssnxxxxxxxxxxxxaaaanxxxanxssanxxxxxxxxxxxxxxxxxxxxxxxxxxxxannnnnssab
ugggguaucgccaagcgguaaggcaccggauucugauuccggcauuccgagguucgaauccucguaccccagcca,iaaccccbeaaaebahabebebaaaaaacaaehhheaaccaaahhhaaaaaaaeaeehebaaaaaaaaaaeaeih,asnnnnnxsannaxsxxxxxxxxaaaxxxxxxbsbasxxxxxxxxxxxxxxxxxxxxxxxxxxxxxxaaannbnn
ggugaccucccgggagcgggggaccacua,aaiaaaaicaaaahheaaaaaaaaaacci,xxxxxanxaxxxannnnxxxxxxxxxxxx
gccuaccc,abaaaaah,axxnnnnx
cgguaggcuuuucaa,iaaaaaabhabehhh,xxxxnnnabbsnbnn
ggacgauggcgaaacugcaugaggcaauucaugcaagucccucgucc,aaaaaahaahaaebaaaaaaaahhhhhhaaaaaaebaaaaaaaaacc,xxxxxxxxxxxbnbaaxxxxxxxxxxxsanaxxxxxaannxxxxxxx
uuugacuacggaucaa,iccaaahiihhaaaaa,xxxxxbbxbbssaaxx
uuugacuacggaucaa,iaccaahiihhaaaaa,xxxxxsbxbbsbanxx
uauuuauuua,hhhhhheehh,basbnsbbsa
ggagaggugcccgaguggcugaagggacacgacuggaaaucguguaggggggcuuaaaccucccucgcggguucgaaucccgcccucuccgcca,iiiaaaabeaaaddbhaaaiibeaaahiiiiiiiiiiiiiihihhaaciiiiiiiiiiiiiiiiiaaaaaaiiahegfbaaaaaaaahhiiiii,xxxxxxxxxxxxxxxxxsxxxxxxxxxxxxxxxxxxxxxxxxxxxanxxxxxxxxxxxxxxxxxxxxxxaaxxanxxxxxxxxnnaaxaxxxxx
aacccuaacccu,hhhhgghgfehh,xxxxxasaabss
agcacggcuxuaaaccgugc,eaaaaaahhihhhhaaaaaa,aaannbsnbxbnnbaaxxxx
ggccacgguucgaauccguggc,fcaaaaaaaihhehebaaaaaa,xxxxnnnbnxbababannaann
ggcaacgguucgaucccguugc,aaaaaaaaaihhehebaaaaaa,xxxxxanbbxnnbnaanaxxxx
ggcaacgguucgaucccguugc,aaaaaaaaaihhehebaaaaaa,xxxxnnxxxxxxxxxxxxxxnn
ugugacc,hhhhhhh,sssbnnn
ccugauuggugaggg,aaaeeaheihebaaa,xxxxxxxaabsxsan
ccugauuggugaggg,aaaeeaheihebaaa,xxnbxnxxxxxxxxx
cgcgcgcgcg,aaaaaaaaga,axxxxxxsna
cgcgcgcgcg,agaaaaaaaa,xxaannxxxx
cgcgcgcgcg,aaaaaaaaga,xxxxxxxxxx
cgcgcgcgcg,agaaaaaaaa,xxxxxxsnnn
augggccc,haaaaaaa,nnbnaaaa
gggccca,aaaaacc,xssnnan
ggguuguaggaccaguuuuuaagauucaaccccucaagccgaaguggcuggaaagcuacaccucagaaggugagaguccuguaggcgaacgagcgguugacugu,iiiiiiiiiiiiiiiiiiiiiiiiiiiiiiiiiaaheaacfhbaaaacdeehehaaaccabaehbaeaaahebeebabaabeeaaahgdfbahiiiiiiiiiii,xxxxxxxxxxxxxxxxxxxxxxxxxxxxxxxxxxxxxxxxnsaxxxxxxssanxxxxxxxxannnaxxnaasxxxxxaannxxxxxxxxxxxxxxxxxxxxxxx
cggucucuauccgcuacgggcgcaggagaauugaggggaguugcuccuaguacgagaggaccggagugaacggaccgcuggucucccugcug,beehhahhebaaccaabbabaffeabbaacaaeeaacahebdaaaaagdbdebehhbbeeehaaaabbcaaaaaaadcccddeehaccbacd,xxxxxbaaaaaxnbnnnaaxxxxxxxxaannnnxaanxxxxxaaaaxsxaxnnnxxxxaxasaxxxxaanaaaannasanxxxaaxxxxxxx
caacccggggaaacucgggcuaaucccccauguggacccgccccuugggguguguccaaagggcuuugcccgcuuccggaugggcccgcguccca,aeeacagcceabeadfcaccaebgahaccacfedcaahadiiiiiiiiiiiihaaacffgaacahhhaacaabbbacaahacadbdcbaccaaad,xxxxxxxxxxxxxaxxxxxxxxxxxxnnnxxxxxxnaaaxxxxxxxxxxxxxssaannaxxxxxxxxxxxxxxxxxxxsaaaxxxaannnxxxxx
ggauguugaccauguccuguagagcacucacaaggcuagggggccuaccag,aaaaehbcaaaaacccccbdeabbabaaaahacaagghiiiiiiiiiiiii,xxxxxxxxanaaxxannnaxaaaaxxxxxnnanaaaxxxxxxxxxxxxxxx
uaacgagacguuaagcccacgagcacuaacagaccaaagccaucau,hhbaeebaacceeeaabaaaaaaaedaaeiaaaaaebiiiiiiiii,xxxxxxxxxxxxaxxxxnnbaaxxxxnaxxxxxxxxxxxxxxxxxx
aaggugaggccgaacggcgcagccgauggacagcaggucaagauuccugcaccgaucauguggagugauggagggac,bebcceebbbcceebbbbbbeaaaeeabbheeababaaheeebeaaccaaadcaaaccccaebebabehabdaeeee,xxxxxxxxxxaaaxxxxnxxxxxxxxxxxxxxxxxxxxnaaxxxxaaxxxxxxxxxxxxxxxxxxxxxxxxxxxxxx
caacccagagauagguuaagguccccaaguguggauuaaguguaauccucugaagguggucucgagcccuagacagccgggaggugagcuuagaagcagcuac,hdfbdbebeaaaabbaabebbaaaaeeebabbbaaababebbaeahhaeeaeebbaahbaaaaaaaabeihebaaaaaabeaacahaaaheheheaahaaaee,xxxxnnnaxsaaxxannnnaxxnnaaxxxsxxxxxxxnnnxxxxxxxxxxxxxanxxxaanxxxxxxxaxnnxxxxxxxxxxxxxxxxxxxxxxxxxxxxxxx
aagguagcgaaauuccuugucggguaaguuccgaccugcacgaaaggcguaacgaucugggcgcugucucaacgagggacucggugaaauugaauuggcuguaa,ebhbbbbahfhhhfhfghaaaacaeffheaacaaaahaheaebfebbbaebibbbdcccacahcchbccaabbbaaaaeaaaabaeeffaaaaaeeaddcbaeh,xxxxxxxxxxxxxxxxxxxxxxxxanxxxxxxxxxxxxxxxxxxaaxxxxxxxxxxxxxxxxxxxxaasaaxxxxaxxxxxxnnnabnnanannnaxnnxxxxx
ggucccaaggguugggcuguucgcccauuaaagcggcacgcgagcuggguucagaacgucgugagacaguucg,aaccbbfaabbeaabcaaffhaaacdcaeeffacdcabiaahaaacebhhebebaaabacfaffbachcccbe,xxxxaxxxxxxxaxxxxxxxxxxxxxannaxsxxxxnnxsaxaaaaxxxxxxxxxaaxxxxxxabaaxxxxxx
guuuuacuccguggucagcggcggacgggugaguaacgcgugggugaccuacccggaagagggggaca,hghgghhhaacccaaccbbacaehhhabbbbbhhehaabaaccacibcadfgacccaabbbcchccae,xxxxxxxxxxxxxxxxxnnanasaxaaaxxxxxxxxxxxxxxsaaxnannssaaxxxxxxxxxxxxxx
ccggaguagcggugaaaugcgcagauaccgggaggaacgccgauggcgaaggcagccaccugguccacccgugacgcugaggcgcgaaagcgu,ccacadcfbbeeehebbbaaehheeeaccacccaabcchhhhhhaadciaeabaaaaaaccabaaaaaedaaeedbbbeeeaaabeeebbbaa,xxxaaanxannbnannxxxxxxxxaaannxaaxxaxaasssaxxxxxxaasxxxaannnnnnnxxxxxxsnaanaaxxxasxxxaaxxxxxxx
acuggucgagugacgaugcgccgaaaaugaucggggcucaagugaucuaccgaagcuauggauucaacucgcg,babaahhhedcaccccaaaacaeebheeedcfaabdaahaedcacaccaabeeebaaaaaacaaaaaaccaag,xxxxxxxxxxxxxxxnxxxxaaaxxxxaaaxxxasnnaaxaxxxxxxxannaaaaaxabsxxxxxxxxxxxxx
gugaugucguuaguaaccgcgagugaacgcgauacagcccaaaccgaagcccucacgggcaauguggugucagggcuaccucucau,aabbbaabbbeebbeaaebebbaaeeeeabbbbeebbaaabeeaaebaaaaaehheaaaaeahebaaefdeeabaaaaaaaeheea,xxxaaaaxxxxxxannxnnnnnnxxaaxxxxxxxxxxxxnannnnsxxxaaaxxxxxxaannbbnnxxxxxxxxxxxxxxxxxxxx
acccggcaacggggagcuaaucgcaaaaaggugggcccaguucggauuggggucugcaacccgaccccaugaagccgg,eaaaaahffbaaaeedcheahbaaeehbeaaacaaahhebbhbeeeaaaccbbddeehbgghaacdccaaeeebeeah,xxxxxxaaanxxxxxxxaaaaxxxxsxxnaanxxnannxxnnxnananbaxxsaxasaabnaxxannnbnaxxxxxxx
cuaucucagccgggacagagacccggcgaagagugcaagagcaaaagauagcuugacaguguucuucccaacgagg,baaaaaaeaaaaaaiiiiihhaaaaaaehhaabaabebaadchhbebaaaaaabeeaaccaaaaaffehehheeaa,xxxaxxxxnxxsnbxxxxxaanannnnxbaxxxxxxxxnnnnnbasxxaaxxxnnanaxxasannnxnnanaxxxx
gauuuccgaaugagaaucucucuaacaauugcuucgcgcaaugaggaaccccgagaacugaaacaucucaguaucgggaggaacagaaaacgcaaugu,aaeebbaebeaaaahheaaaaiihaaababaaehhabbbbaaeaahabbaaabaebeeaaeaeaeabaeebbebabaahabhhhebbefabbhaehaa,xxxxaxannaxxxxabnnnxxxxxxxxxaannaxxxxxxaaaxnnxxxxnnnnnaanxxannxxnnnaaaaaaanxbaaaxxnnnnannannaxxxxx
ggguuaagucccgcaacgagcgcaacccccgccguuaguugccagcgguucggccgggcacucuaacgggacugcccgcgaaa,acacfhehabccggebdcacaaehhhacaaeccaaaabebbeaehhhgdhhhhaaghebeaadcaaaaaahchfaaagcfhee,xxxxxaxxxnaaananaaxananxssxxannaaxxxaaaxnnnnnxxxxxxxxxxxxxxxannanaxxxxxaaaxxxxxxxxx
ugaaaguugacgcccuggggucgaucacgcugggcauucgcccagucgaaccguccaa,hhheeaaaeeeaaaaaaabeabaabaaaabbaaahhiaahaaaabbaeebbaaacche,xxxxxxxxxxxxxxxxnnxxxxxxnnxxxxxxxxxxxxxxxnnaxxxxxxxxxxxxxx
gugccagcagccgcgguaauacggagggcgcgagcguuacccggauucacugggcguaaagggcguguaggcggccugggg,cdeibacchbbaacfbibbhebacaaabbaahbddaaaaacahehhahacceabaaabeedeaaaaeaeaaahaaaaacae,xxxnnnnnaxaxaasxxaxxxxnnaannnnnnnxxaaaaaanxanxxsanxxsaxxxxxxxxxxnaannannaaanxxxxx
cucggaagcgaaguuggaaacgcgacggugccaagaaaagcuucuaaacguugaaacaugauugcccguaccgcaaaccgacacagguguccgagugucaaug,ahhhacaaaebebdcacaeehabbbhaaaaaahhbiebehaacaaeeccgfeeeeaccaaaaaaccaababaeadhbdcghaehedaabccaeaaaccheeeb,xxxxxxxxxxxxxxxxxxxxxxxxxxxxxxxxannaaxxxxxxxxxxxxxxxxxxxxxxxxxaaannnsxxxxxxxxxxxsaxxxxaxxxxxxxxxxxxxxxx
agucuggagacacccagggggaagcgaagacccuauggagcuuuacugcaggcugucgcugagacguggucgccgaugugcagcauagguaggagacacuacacagguacccgcgc,bbbbbabaaebbaabaaabbabhaahhaaeaaababbbabbbeebbaaaeaaabbaaacfaaaiiiiiiiiiiiiiiiiiiiiiiiiiiiiiiiiiiiiiiiiiiiiiiiiiiiii,xxxxxxxnbaxxannassnbaxaxxxanxxxxxxxxxxxxaaaxxxanbnsaaxxxxsnaxxxxxxxxxxxxxxxxxxxxxxxxxxxxxxxxxxxxxxxxxxxxxxxxxxxxxxxx
ggaugggaacucagggaacugaaacaucucaguaccugaaggagaagaaag,aaadbcbbbbbcabaebbeaaeaeabbbcfbbbeaabachbbgehbbbhba,xxxxxxxxxxxxxaanaxxxxnnxxxaaxxxxxxxxxxxxxxxxxxxxxxx
aagguagcguaguaccuugccgcaucaguagcggcuugcaugaauggauuaaccagagcuucacugucccaacguugggcccggugaacuguacauuccagugcggag,eeabbbbaedaehfhaahaaaaaheeehehabaaaehbeedfbfhbbbcfaiaabaacaaachccabaababbbabbaeaaaabaebeeaaabaeabaaabaeaeebb,xxxxxxxxxxxxxxxxxxxxxxxxnnnxxxxxxxxxxxxxxxxxaxxxxxaaxxxxxxxxxxxxxxnnnnnnxxanaxxxannnnnbnxxxnxxxxsanxxxxxxxxx
acccuagggauaacagagucgucacucgcaagagcacauaucgaccgaguggcuugcuaccucgaugucgguucccuccaucc,hbcbbabaaehbbhbabbbebaaababbaeebaehhaehebaeeaabbbbddhaabbbebahbeehabbbaaaaaaababebb,xxxxxaxxxxxxxxxxxxxxanxxxxxsnnnxxxxxxxxxxxxxsannnxxxxxxxanxxxxxxxxxxxxannbnnxxxxxxx
aacaugucgaagcaugaccuccgccgagguagucugugagguagagcgaccgauugguguguccgccuccgaga,eeabaaahaebbabababaaaaaaaaebabbaaaaaaaaabbebabbacdaaaeaccgiiiiiiiiiiiiiiii,xxxxxsnnxxxansaxxxxxxxnnxxxxxxannaxabsaaaxxxxxxxanxaaaaaaxxxxxxxxxxxxxxxxx
ggucaagauaguaaggguccacgguggaugcccuggcgcuggagccgaugaaggacgcgauuaccugcg,aaacccaaahaafbccbaaaaaaaeeeebbaahhcdaaaaaaaacdbdhbeebbaabaaaaeabaccbd,xxxxsannxxxxxaananaxxxsaaaxanaxxxnxsnaaxxxxxxxxxxxxxxxxxanaaxxaaxxxxx
ugcacuaaggcgcgcgagagaacccucguuaaggaacuuugcaaucucaccccguaacuucggaagaagg,ebabbaebbabaebbaaahhaeaaababaaaaaeeaheheahihhheebaaaaeeefcfbgabffheeaa,xxxxxxxxxxxxxxxsanaaaaaaaaxxxxxnnnaaaxxaxsaxxxxxxxxxxxxxxxxxxxxxxxxxxx
ggugagcuaagcaugaccagguugaaacccccgugacagggggcggaggaccgaaccggugccugcugaaacagucucg,abddbedcbbabbbacabebaaaeeeaaacacfchhhaaaacacfeeaaaaaeahaabbdcbbceecebaefbdaacba,xxxxxaaxxxaaaaxxxxxxxxxxxxxxxxxxxxxxxxxxxxxxxxxxsxxxxxxxxxxxxxaaxbnnxxnxxxxxxxx
aacccgggugaaagccuggggugccccgcgaggggagcccuagcacaggugcugcauggccgucgucagcucgugccgugagguguugg,eeaahaacaeeeebacahaaaeeaabbiiiiaaaebgceaaaaabbbbaeaccahbabdccaccbaahaacdcbbaaaaebacceehac,xxxxxxxxxxaxaxxxxxxxxxxxxxxxxxxxxxxxxxxxxxxxxxxanaxxxxxannanabaxxxxxxannasnaaasnnnxxxxxxx
gcggggagccauguggacacgacccgaauccggacgaucuacgcauggacaagaugaagcgugccgaaagg,aabaahhbbaaaaabbaaaahebaabeebbbbabbbbebbbbabbaababebaaaeeeabaaaaaehheaa,xxxxassxxsanxxnnxnnaxabannnaxxnnnnnansanxnbnnxxxxxxxaaxxnnxxsaaxxxxxxxx
gauaaaagaagugagaaucuucuucgccguaaggacaaggguuccuggggaagggucguccgcccagggaaagucgggaccuaa,baebiacaaaaaehheabbaaaccaabbbhbabacchbbbeabcdccacciaabhbhhacdebaaaabhaeebbdcacgacdbe,xxxxannnnxxxxxaxsaxxxxxxaxxxxxxxxxxxxxaxnaxxxxxxxxxannxxnaxxxxxxaanannanxxxxxxxxxxxx
ucgggagcaaccaacguuagggaauucggcaaguuagucccguaccuucggaagaagggaugccugcuccggaacggagcaggu,ebaaahhhhebabaabaabaaeeagfheahhhhheebaaaaeeeeafbgbaeeheeaaaaaaababaaaaaaheeaaaaaabbb,xxxxansssannnxxxxxbabnxaxxasxsaxxxxxsanxxxxxxxxnaaaxxxxxxxxxnnanaabxxanaaxaannnxxxxx
gcuagcgggccaccgagucaacagugaaauacuacccgucggugacugcgacucucacuccgggaggaggacaccgauagccgggcaguuugacuggggcgguacgcgcucgaaaagauaucgagcgcgcccuauggcu,iiiiiiiiiiiiiiiiiiiiiiiiiiiiiiiiiiiiiiiiiiiiiiiiihhaaaaheabcaehheaacaeeheaaaaabbbaebaaabbbabbahbhhhhabaabbabbbbffbeeehbfdbabaabaaaaahbbbaba,xxxxxxxxxxxxxxxxxxxxxxxxxxxxxxxxxxxxxxxxxxxxxxxxxxxxxxxannaxnanxxxaaxxxxxxaanxnxxxaaabnaxxxxxxnnxxxaaxxxxxxnnbaaaxxannaaxnaaaxxxannnnnxxxxx
cccggugccggaaggucaaguggagcggugcaagcugcgaaaugaagccccggugaacggcggccguaacuauaacgguccuaa,abahaaaaaaceeacaehiaaeeeaahdbaggecdfaaeeecceebbacacaaafdbacbaiiiiiiiiiiiiiiiiiiiieeb,xxxxxxxnaxxxxxxxxxxxxxxxxxxxxxxxxxxxxxxxxxxxxxxxxxxxxxxxaaaxxxxxxxxxxxxxxxxxxxxxxxxx
ggcccgcacaagcgguggagcaugugguuuaauucgaagcaacgcgaagaaccuuaccaggccuugacaugcuagggaa,acaaccabbdaacchafabaaaabaabaahbeaaaaheehhhehaahhaeaeeggecdcadbcaaahaaaaaabbaiee,xxxxabxaxnnnaxaxxxxnnabnssanxabsxxxsxxaaxasxnnnanaxsannxxxsaxxxxxxaaxxxxxxxxxxx
guuguucgagagagcacgugccggguagccacgccacacgggguaagagcugaacgcaucuaagcucgaaacccacuuggaaaagagacaccgccgaggucccgcguacaagacgcggucgauagacucggggugugcgcgucgaggua,babbdcaaahhaaaaahhhaabaaeaeaaabhbbaaaheaaaccebbaabaeeeebeaaebebaacceebbaaaeaaaaeebeeheaaaaaaeeeeebaaabbddaheeaabaaaabbeheabbacaaaaaaabeeeeaaaaaebbehh,xxxxaananxxxaaaxxxxxxxaannaannxsnnnannxxxxxxxxxnaannnnxxxxxxxsssxaxxxxxaaaxnnnanxxxnsxaasannaxxxaaxxaaxnaxsnnnssaaaannxxnnaxannxxsbaxnsaxxxxxxxxxxxxx
ggaacgcugacgcgaaagcguggucuagcgaaccaauuagccugcuugaugcgggcaauugaugacagaaaagcuac,aaaaaabbaaaabahhebaaebbaabeabbeehaaaaahaababaaccaabababaaaaaaabehahebhabbbdhb,xxxabnxxanaxxxnnbanxxxxxaaxxnbxannannnnaxxnnanxxxxxannnnxaannnnsxxannnxxxxxxx
guacuggcaccugaguaggucguuguucgugaaacgaugacugaauccgcgcggaccaccgcgc,iiiiiiiiiiiiiiiieacaaaaaaaebehhhhdcaabbabceaaeeeabaabbebdcaccbbb,xxxxxxxxxxxxxxxxxxxxxxnnxxxxaanxxxxxxxanaasxxxxxxxxxxxxxxxxxxxxx
ggcugaucucccccgagaguccauaucggcggggagguuuggcaccucgaugucggcucgucgcauccuggggcugaagaagg,abddbbbacdabacaebaehhaeheaaeeacabbbbbhccadbebeabeebhebbcaaccccccaebbbcbbaaabebehhaa,xxxxxnxxxxxnnnnxxxxxxxxsaaxxxasnaxxxxxxxaaaxxxxxxxaxaxxxxaaaaanxxxxxxxxxbnaaaaxxxxx
caucagcuaguuggugggguaauggcccaccaaggcgacgacggguagccg,adbcbbcchaacbcaaaaababeeaaaadccacacdeaeefcaaaahcbcb,xxxxaaxxxxxnnnnxxasnnnaaaaxxxxxaxannnnsxxxxxxxxxxxx
acgcauuacgcuauccaaugccaagcuauggcuaugcugguugguacgcucaagggcgaucgggucagaaaaucuaccggucacaugccucagacguaucgggagcuuccu,eeaaaaaabbbaeaccaahcdaahaaeehaaahhhccabbaaaaaaachcaeebaaaaaaaaaaggadhhhhhbcaaccaaahhhhaaaaeebaaaacccdaefcaaacah,xxxxxxxxxxxxxxxxxxxxxxxxxxxxaaxxxxxxxxxxxxxxxxxxxxxxxxxxxxxxxxxsxaaxxxxxxxxanxxxxxxxxxxxxxxxxxxxxxxxxxxxxxxxxxx
agcuuaccaaaccuuaugaaacuccgaaggggcacgcguuuaguccgggagugaggcugcgagagcuaacuuccguagccgagagggaaacaa,iiiiiiiihhhaacchaabbbbbeaebdacccaaaahcccgaaaaaadaibbhhbbaaaabbbaegedeebccabaaabbeeheaddhffhdf,xxxxxxxxxxxxxaannaaaaxxxxxxxxxaaaxxaxsnnxxxxxxxxxxanaxxxxxxxxanabnaaaxxxxxxxannxxaannnxxxxxxx
cggucugagaggauggccggccacaggggcacugagacacgggccccacuccuacggga,cbbaaaeebeaaacchhabdacbaaaacbbabaheheeehaaaddcaaaaccfehbdcc,xxxxxxxxxxxaaxxxxxaaaxxxxxxxxxxannnxxxxxxxaxxxxxxxxxxxxxxxx
gaggagucggcacaccugucaaacuccaaacuuacagacgccguuugacgcggggauuccggugcgcgggguaagccuguguaccaggaggggaaca,iiiiiiiiiiiiiiaccaaabebbbeaebeabaaaaaaaabaehaaeeaaaaabaaaebibbaaaaabbaeabbhbaabaaaaabeeeeabdgffhd,xxxxxxxxxxxxxxxxaannnannaaxxxxxxxbbaxxaanaxxxxxxxxxxxxaxanxxxxxxxxxxaannaaxxxxxxxannxxananaxxxxxx
gacgugcgguagugccagaguagcggggguuggauaucccucgcgaauaacgcaggcaucgacugcgaaggcuaaacacaa,aaaaahaaaaaaahbbbbebbeaaaaaaaaeaebaeccaaaaaaebbeehababbbabaaaaabbabdbbaabbbbhbbbb,xxxxxxxxxxxxxxnansanxnxxxxaannassanxaaasnnnaxaxsxxxxxxnnxxxxxxxxxxxxanananxxxxxxx
gcaaggcuaaauacucccagugaccgauagcgcauaguaccgugagggaaaggugaaaagaaccccgggaggggagugaaagagaaccugaaaccguggacuu,bbfdbaaabbdgbbbhacccccecdfhabehffbhebbeccaaebbceeeeaabefdbbbeeaacafaeecacababeebbebbehaadfeeebaaaaaaddc,xxxxxxxxxxxxxxxxxxxasnaanananannxxxxaaxxxxxxxxxnxxxxxxxxnnaaaaxaabnssxbabnnaxxnaasxxxaxxxxaxannaaaxxxxx
gaggcagcaguuaggaaucuuccgcaaugggcgcaagccugacggagcgacgccgcuuggaggaagaagcccuucgggguguaaacu,ccccaeeabacahcdhgdebbaaaabbagafdchhechbahdbbbaaaabaccbbaaacaaafchfeeaaccfhgaacccfcbeeac,xxxxxxxxxxxxxxnnxxxxxxxxxxabnnaxxxxxxxxxxxnnnnxxxxxxxannnasnnnnnbaxxxxxaxsxxxnnnnanxxxx
gucgcagugacucggaagcucggacugucuaguaacaacauaggugaccgcaaauccgcaaggacucguacggucacugaauccugccc,bbahaaaaeehaeeacaaadaaaebabbbbbeaeebebbeeebbaaaababaebaaaehbfdaacchaeehbbaaaabebaaabbbbba,xxxxnxxaxxxsxxxxxxxxxxxsaxxxxxnbxxxxxxnnnnnxnbannbnnxabnnnaxxxsannnnnnbannnannaanaxxxxxxx
agagaauucgauuccguuaguagcggcgagcgaacccggaucagcccaaaccgaaacgcuugcguuucggg,badeabeccebbccccdfebbebafbebbcaeeeeccbbdeeeaaahhhiiiiiiiiiiiiiiiiiiiiii,xxxxxxxxxxxxxxxxxxxxxaaxxxxaaaxxxxxxxxxxxxxxxxxxxxxxxxxxxxxxxxxxxxxxxxx
ggcccgugacuggggcgaagucguaacaagguagcuguaccggaaggugcggcuggaucaccuccuuucu,aaacaacfeacaabaccbbaaabebbabeabbbaacddaacchbebbdcbbcaaahhiiiiiiiiiiiii,xxxxxxxxxxxxxxxaasxanxxxxxxxxxxxxxxxxxxxxxxxxxxannnxxxxxxxxxxxxxxxxxxx
ggcacguggaagucuguuagaguugguguccuacaauacccucucgugaucuauguguaggggugaaaggcccaucgaguccggcaacagcugguuccaaucgaaa,aaaaaaaffeaaaaaehaebadfbadebaehchaeeebaacabaaehbbababbbbaabbhbbbeeeahabdihhdehabbaaddhaahhbbbbeedbaaaaeeee,xxxxxxannaabaxxxxxxxxxxxxxnaaxxanxannaxxxxxxxxxxnxxxxannxnnxnnbbbnaxnsaxsaxxxsxxxaananxannnnannnbnnnxxxxxx
cggaugaguuguguuuaggagugaaaagcuaaccgaaccuggagauagcuaguucuccccgaaauguauugagguacagccucgg,bacfibbaacaabbaaebhabbeeeaeaabehebeeabdccdahbahaabddbebdcccdeeeebaaaahcgbbaaaaabbbcaa,xxxxxxsxxxxxxxxnnxxnannnaxaxxxxxxxxxxxxxaannxxaaaaxxannanaxxxxxxxxxxxxxxxnnaxxxxxxxxx
acccucuaagaaaagcguaacagcuuaccggccgagguuugaggcgcccaaaaugaucgggacucaaauccaccaccgagaccuguccguaccacucauacug,eeacacgeeaabedcbfehffecaccebbaaaaabbaaaaaaaaaaaaffbeahbeheaabbabibbbaaaabbaabeeebabbaaaaaabaaaaehhheaaa,xxxxxxxxxxxxxxxxxxxxxxxxxxxxxnnxxxxxxxxxxxxxxxxxxxxxxsabxxxsnbnnaanxxxxxxxxxxxxaxnnnxnanaxxxxxxannxxxxx
ugucguaccaacggcacaugcaggguagcuauguccggaacggauaaccgcugaaagcaucuaagcgggaagccagccccaaga,cdbaaabaaeaaaaaahahbabdcebeabbbhbbaaabieaaaaaeebabaaheeeaaaaebhbaaaaeebbaaaeaacaefbe,xxxxxnnxxaannnaxxxnxxxaaaxxannxaaaaanxaaxxxxxxannnbnnnaxannaaaaaaxaxxxxxxaxxannaxxxx
ccugcccgugcagaagcgggcaagggugagguuguucgccuauuaaaggaggucgugagcuggguuuagaccgucgugagacaggucg,bbbbbbaabbhbeihaababbeaaabaaabaaaeehaaabbaaeeeebabaaeeaaeaaaaebahhbebbaabaaaaeebaahbabbe,xxxxxnnxxxaanxxxxxxxxxxxxaannaxxxxxxaxxxxnnnxaaxxxxanxnaxxananxxxxxxxxaaxxasaaabxxxxxxxx
ugaaaaacggaggcggagcgaaagcgaguccgaauagggcggcauuaguacgucgggcuagacucgaaaccagg,cehheaaaehgdaaehhbbbebeaahebcdcehffbccdehheehhhaccaaaabbaacchebccbebbbccab,xxxxaaansanaxxxsaxaxanaxannxxxxxxxxxxxxaxxxxxxxxxaasaanxaaaxaaaaanaxxxxxxx
caaaggucaccucaagacgguuggaaaucgucuguagagcgcaaagguagaagguggcuugacugcgagacugacacgucgagcaggg,ahbbbadcaacaaeaaaaabbeffehgcaaaaaehhaabaaabaaacchhbhbccccabbeeaabaeeacaaehaeaacceeabaaac,xxxxxxxnnaaaxanxxanaasxxaaannasaxxxxxxxxxxxxxsnaxsasxxxxxxxaxxxaxxxasnbnaxaaaxsnnaxxxxxx
uuggcuacuaugccagcugguggauugcucggcucaggcgcugaugaaggacgugccaagcugcgauaagccauggggagccgcacggaggcgaagaaccaugga,iiiiiiiihheaaaaaaaaaeeeebbaaahbbaabaaaababebheeeabaabaaaaebaaaaabaheeaaaaaaaeeebbabaahaahaaaehheeeaaaaaaa,xxxxxxxxxnaaxxxxxannnxxxxxxaanaxanaxxxxxxxaxxxxasaxannanaannaxxxxanaaannnxxaasnnnaxaassxxaanaassxsnaxxxxx
cggcugcuaucuacuggguguguaauggugucugacaagaacgaccguauaguacgagaggaacuacgguugguggccacugguguaccggu,beehbaadeaaaaaaabbabaefgiibbaaaaaeeaaabbebabaaaaaeebbebehebbeeeeaaaaaaabbaaaaaaaaabbeeebbaba,xxxxxxxaxxxxnsnnnbanxxxxxxxsaabnnnannaaasnxxxbnxxnxxaaaxxxxxxxasaxasaxananbbnnnsnaxxxanxxxxx
gggggccgaagcuaacgcguuaagcgcgccgccuggggaguacggccgcaaggcugaaacucaaaggaauugacggggg,aaccaaababbaeebbbaeihbebaaaddbabbacaaeebbbaaaaaebabbbaaeeeeaaaffbbbbbccbbabeaac,xxxxxxxxxnaxxaxxxxxxxxxxbnbnannaxaxxxxxxxxxxxxxxxxxxxxxxxxanaaaxxxxxxxnaaxxxxxx
cgaaaagccccgacgagcuggagauacgcuuugacucggggauguccgaauggggaaacccaccucguaagagguauccgcaagg,bdhaeeacaadaccabbafbaahaahacaehheeaabbcaafahcbbfefaacaehbeaacaaccaehfgaacaaaaaaehheaa,xxxnaaannxxxxxxannnxxxxxxxanxxxxxxxxxxxxaaxxxxxxxxxxxxxaaaxxxxxxxxxxxnxxxxxxxxxxxxxxx
cagccaggagguuggcuuagaagcagccacccuucaaagagugcguaauagcucac,ahhaaabebacghaaacfheeicdaacchbbaacgeebbebabbfdheeeaaccba,xxxxxxxxxassxaaaaxxxxxxxxanaaxabnxxxxxxsxxxxxxxxxxxxxxxx
guggggagcaaaccggauuagauacccggguaguccacgcccuaaacgaugcgcgcuaggucucugggucuccugg,aaaahbhaaeffacachbehehheaadbcbcfdcbccaabbebgedaahbdaaaaabeaaacccbbachehacaaa,xxxxxxaaanxxxxxxxxxxxxxxxaanxxxxxxxxxaaxxxxxxxxxxxxxananaaaaxxxanaxxxxxxxxxx
uuacaagcagucauggcaccuuaugcguguuauggcgugccuauugaagcaugagccggcgacuuagaccugacgugcgagcuuaaguug,dceeaehbhaccaaaaaacfhgeghhbaabbaaaccgdbbaaheeehcieaadcbbbbbcfeebccceccccaaaaaaeebaahaebcce,xxxnnnxnnnannaaxxxxxxxxxxxxxnaxxnnaxnxbnnnnnxxxxxsxxxxnannnnaaaaanxxaxxxxaananxxaaaaaxxxxx
ggaaacgugauucaaccuggggcccaugaaaagacgagcauaguguccguaccgagaaccgacacagguguccauggcggcgaaagccaaggccuguc,afheedaaaaaaeeebbabaaacceihabbbeaaaeeaaaaaaaahaaaaabaebaedbahhhbihaaabaaahbaaaebeeieebbaeabaababeb,xxxxxxxxxxxxxxxxxxxxxxxnbnbxxxxxxxxxxxxxxxxxxannnnxxxxxxbaaaasaaxxssaxxxxxxabnnnnxxxxxxsannnnxxxxx
gaugaguucucccacuguuuaucagguaagacucccggaagaccaccggguuaagaggccaggcgugcacgcauagca,beehedacaabdchccgheeehhcahaefdaaaabbaaheeaddaaabbbeeeabaaaaccahccbeeffccaccaaf,xxxsxxaannaxxxxxxxxaaxxxxxxxannxasannxbnnnxxxxnannxxaaxxasnxxxxaxannannxxxxxxx
cuccugaacccgggacgaaacccccgacgaggggacugacgguaccgggguaauagcgccggccaacuccgu,accccfeeaccacbgfaeeehaccabhheeeaccaccbebcbffccacceceedebbabaabbeebbaaccd,xxxananxxxxxxxxsaxnaxxxxxxxxxnnxxxxxxxxxxxxxxanxxxxaxxxxnnnxxxxanxbaxxxx
cgaagcgaguugucugguaggggagcguucaguccgcggagaagccauaccggaaggagugguggagccgacugaagugcggaugccggcaugaguaacga,aggeaaaaaaaaaacbbbebdccabbaccbaccchaceeeeeedcccbeccchffdcgaaaabffeddhacaabaaaebahaeebaaabbaaebbbeabba,xxxxxxxxxxxxnnxanaaaxxxxxxxaaxxnanaxxxxaaxxanaxaxanbnnnaxxxxxaaaxxxxxxxannanaaanbaaasnaxxnnnnnbxxxxxx
ccagugcagguaucugaacaccucguacaagaggacgaaggaccugucaacggcggggguaacuaugacccucuuaa,bahaaaaaaaeeaaaebehaaaaaeehabbaaaaaheeebabaaaaabdbbabaaahhhiiiiiiiiiiiicccgee,xxxxxsanxxxxxxxxxxxxxxxxxxxxxaaanxxxxxxxxxxxxsnaananxxxxxxxxxxxxxxxxxxxxxxxxx
agacucacgggaagccgauguucugucguacguuuugaaaaacgagccagggagugugucugcauggcaagucuaacc,aeeaaaaaccabhabaeaabdcaaaaahcabaaaaehecihaababbbbaaeebbaaaaaaaaaaabahabbcabeba,xxxanxxxxxxxxxxxxxxxxxxxnxaaxnnnnnnxxanxxxxxxxnnaasaabbanxxxxxaanbnabnxannxxxx
gaaaucaguuggcgaucgagcgacagggcauacaaggucccucgacgaaugaccgacgcgcgagcguccaguaag,eeeeaaaaaabbaeeehbeaaaaaaaaaaaahheebaaaaccaaaaebebeeeaaaaaaaaebbaaaaaabbeae,xxxnnabnnxxxxxxnxaxnasnnxxxxxxxxxannaaaxxxxxxxxxannxxxxxxxxxxxxxxxxxxxsxxxx
ggaggaaacucgggcuuagugaaccggugguaccguguggaagggccaucgaucaacggauaaaaguuaccccggggauaacagg,acdbahheababaaacceaebaeaaaaaacaedaeeaacdaeaadacaaaaaebehbaeeehehbbddeecabbbahhabbabab,xxxxxsaaxxxxxnaanxxxxaaaasaxxxxxxaxxxxxxxxxxnnxxxaaaxxxxxaxxxbxxxxxxxxxxaanxxaxxxxxxx
aacuccguggaagccguaauggcaggaagcggacgaacggcggcauaggg,heaaaaaaeebhaaaheheeabbeheeeaaaaaaebeebaaaaeeeebaf,xxxxxxxxxxxxxanbnnnxxnaxaxxxxxxxxxxxxxxxxxxxxxxxxx
aucagccgaccgucucgacgaagucucuuggaacagagcgugauacagggugacaaccccguacucgagaccaguacga,eaaaaaaeeeaaaaaaaaaeebbbbaaaaeeabgaaaaaabbhheaeaaaaebedbbbaabbeaaaaaaabaabbeaaa,xxxxxxxxxxxxxxxxxxaaxnnnnxxxxxaaanxaxxxxxabnnsasnbnsxanxxannaxnxxxxxxxxxxxxxxxx
cauaguagcagcgauagucgggugagaaccccgacggccuaauggauaaggguuccucagcacugcugaucagcugaggguuagccgguc,bcfebbebaeebhhbebaaaaaaehheaabaaaaabaaabiaebaaahbbbhacabaaaaahaabebahaabhbaaaabhaeebbbbaea,xxxnbnaaxxxxxxanasanbbnxxxxxxannnnaaxxxxxxxxxxxnbbannaxxaxxxxxnaxsxxxxxxanxxaxannsnxxxxxxx
ggaaucgcuaguaaucgcggaucagccaugccgcggugaauacguucccgggccuuguacacaccgcccgu,ahedeacdbfbfeaccddabaaehffbiebaaaccdcfiecfbdceaaaaaaacaababbbiebaaaeaba,xxxxxanaanannnanaxxxxnnxaxxxaxnnnnaanbaanaasnaaxxxxxxxxxxxxxanaxxxxxxxx
uuuguuggagaguuugauccuggcucagggugaacgcuggcggcgugccuaagacaugcaagucgugcgggccgcggggu,iiiiiheehabbadeabbbbaebbbaeaacchcaaaabhcaabbababebhebccafchhebbcbebabcaaagccahhg,xxxxxxsasnaxxxxbaxnnxxxxxxaxaxxxaaasnnxxxxxaaxxxxaxxxxxxxxxxaaxxxxxxxxxxxxxxxxxx
gucacgccaugggagcgggcucuacccgaagucgccgggagccuacgggcaggcgccgaggguaggg,baahaaacdabcbeccaacaccacaaaeefdaaaaaegciiccfhhaccaeaaaaaaheaaaacaaa,xxxxxxaaxxxxxxxxxxxxxxxxxxxxxxxnxnnnxxxxxxxxxxnnnaxxxxxxxxxxxxxxxxx
caauguguucagcggacuggugcucaucagucgaggucuugaccacuc,affdcacceeeccbaeaaaaahbccfhhaaaaeehbccccacacciii,xxxxxaxxxaxnaxaaxanxxxnannssnnxxxxxxxxxaaxxxxxxx
gggguccccacgcuucgcguggggcgcagugaauaggcccaggcgacuguuuaccaaaaucacagcacucugccaacacgaacaguggacguauagggugugacgccugcc,aaaccccbdaacahhhcccaacbbcfcdchefeeheaacaabaccebabdccagaefdecbeeeabababbabeffaaaebbeebaaffebeehabaaccbebaacdbbab,xxxxxxxxxxxxxxxxxxxxxxxxxnnxxxxxxxxxxxxxxxxxxaaxxxxxxxxxxxxxnnnnaxxxnanbnxxaansxxxaxaaaaxnnnnaaxxannaaxxxxxxxxx
ugguaaucgaguagauuggcgcucuaauuggauggaaguaggggugaaaacuccuauggaccgauuagugacgaaaauccuggcca,aaaaahhaahbbeaaaaabbaaaaaaaaaaaecifeebaaabaaaahffbaabbaabffbbbaaaaabaaeedegcfedabababc,xxxannnxxxxnannaassasxxnnnnnnannxnnaaxxxxxaaannnnnxnnnxxxxxxabsaxxnaxnbsnxbxasnnnnxxxx
aaagaugcggccuacccguagcaggacgaaaagaccccguggagcuuuacuauagucuggcauugggauucggguuucucugcguaggauaggugggagccugcgaaacuggccuuuugg,eheabaebbddcahabaabbaaebabbiahhbahaaaaaabbcdabdebbccaeaaadaadccgahaaccccaaaaaaaiiiiiiiiiiiiiiiiiiiiiiiiiiiiiiiiiiiiiiiii,xxxaxxxxxxaaxxxxbnaxaanbaannaanbaxxxxxxxxxxxaaxxxxannaxxxaxxxaaxxxxxxxxxxxxxxxxxxxxxxxxxxxxxxxxxxxxxxxxxxxxxxxxxxxxxxxxx
ggcgucccaugugaaagaccacggcucaaccgugggggagcgugggauacgcucaggcuagacggugggagagggugguggaauuccc,aebadcccaaaaeaaahaaccchcahaeebgaaacahaeaaaaaccceaaaaccaaaaahbdaacaaaacdebccaaaccaaaaaccc,xxxsaanxxxxxxaaaxxxxxxnaxsaxxnnnnaxxxxxxxaaxxxnabnaxxxxxxxxaaxasnnnxxnnxaaaxaaanasaaxxxx
aacccagaccaucagcuaaggucccuaaaugaucgcucagugguuaaggaugugucgucgcauagaca,dfaddebecccahbaaaefdbaaaaeffaecaacacdhefedaiaebaachaaaaaccaaahhhehah,xxxxxnnaxnbasnsxxaaxxxbaaaannaxxxxxxxxxnxxxxxxabaananxxxanxxxxxxxxxx
uccuaagucauaccgcaacucgacuaugacgaaaugggaaacggguuaauauucccgugccacuaugcagug,eaaaeebaaaaaabbeeeeebbbaaaaaaaebebbbbbeeababaaeeeeeeeaaaabbbdcaaaaaahhhh,xxxxxxnxxxxxxnannnabaxxxxxxxxxxxaxxxxxxxxxxxxanbnsxxxnnxxxxxxxxxxxxxxxxx
aagcgggaggaaggaggggacgacgucuggucagcauggcccuuacggccugggcgacacacgugcuacaaugcccacuacaaagcgaugccac,eechgaaahehebeiaaachheeiaaahacbdaebabbcaacfebebcbdbabfahabeaaaaabaacdeehbaaacaaaaaahbabhhabeea,xxxxxxxxannxxxxxxannnnnnaaxaxaaxxsaxaaxxxxxxxxxaannaannannabnananannxxabanaanxxbanaxanaxxxxxxx
ggggucgguggaggcaacggugaaauaccacccugagaaacuuggauuucuaaccugaaaaaucacuuucggggaccgugcuuggcggguaguuugacuggggcggucgccucccaaaauguaacggaggcgccca,iiiiiiiiiiiiiiiiiiiiiiiiiiiiiiiiiiiaaaaaccaaaacchaaheacbbaaahhaehaaaaaaaceehhbaaaaadbaedaabaaabbaahahhhhaaabbababbeebehhiaeebababbccabah,xxxxxxxxxxxxxxxxxxxxxxxxxxxxxxxxxxxxxxxxxxxxxxxxxxxxxxxxaaxxxxxxxxxxxxannxxaaxsnaxxxxxxxaxxxxxxxxxaaaxxxxaaaxaanaaxxxxxaaaxananaxxxxxxxx
aaccugagaccgauagugaacaaguagugugaacgaacgcugcaaaguacccucagaagggaggcgaaauagagcauga,bbaaaaaaebbeeabehehbhhebbeaaaaebbaeeehaabebbbbbeeacaaeheeeaaacbabeebbhbbahaabee,xxxxxnbbnnnbxanxnnnxxaxxxaaxxannnannnxxxxxsaannaaxxaaaxxxxannxxxxxxxxaxxxaxxxxx
ccggaguauccggggaggcacagggaaaccgacauggccgcagggcuuugcccgagggccgccgucuucaagggc,baaaheeahaaaaeeebcbehhabaeeeaahebihbaaaeaeaaaaeeiaaaaeebaaabccaabbaeheeabaa,xxxsasxannnnxxxxxxxxasxxxnanxxbnnbnxxxxxxaanaxxxxxxxbanaxxxxxxxxxxxxsxxxxxx
